WikidataID,itemLabel,sitelinks
Q27,Eire,301
Q27,ie,301
Q27,üáÆüá™,301
Q27,Ireland (state),301
Q23,American Fabius,243
Q23,Father of the United States,243
Q23,The American Fabius,243
Q27,Southern Ireland,301
Q27,Ireland,301
Q27,√âire,301
Q27,IRL,301
Q27,Hibernia,301
Q27,IE,301
Q27,"Ireland, Republic of",301
Q38,ITA,387
Q38,Italia,387
Q38,IT,387
Q38,üáÆüáπ,387
Q38,Italian Republic,387
Q38,Repubblica Italiana,387
Q38,Republic of Italy,387
Q91,A. Lincoln,275
Q91,Abe Lincoln,275
Q91,President Lincoln,275
Q91,Uncle Abe,275
Q148,China,374
Q148,China PR,374
Q148,CHN,374
Q148,cn,374
Q148,CN,374
Q148,üá®üá≥,374
Q148,Mainland China,374
Q148,PR China,374
Q148,PRC,374
Q148,RPC,374
Q91,Lincoln,275
Q91,Honest Abe,275
Q131691,Wellington,97
Q131691,Iron Duke,97
Q131691,Great Duke,97
Q131691,The Duke of Wellington,97
Q131691,Duke of Wellington,97
Q131691,"Arthur Wellesley, Duke of Wellington",97
Q131691,1st Duke of Wellington,97
Q131691,1st Duke of Wellington Arthur Wellesley,97
Q131691,"1st duke of Wellington, marquess of Douro, marquess of Wellington, earl of Wellington, Viscount Wellington of Talavera and of Wellington, Baron Douro or Wellesley Arthur Wellesley",97
Q131691,Arthur Wellesley Wellington 1st Duke of,97
Q131691,"Arthur Wesley, Duke of Wellington",97
Q131691,"Arthur, Duke of Wellington Wellesley",97
Q131691,Duke of Wellington Arthur Wellesley,97
Q131691,"Field Marshal Arthur Wellesley, 1st Duke of Wellington",97
Q252,INA,337
Q252,ID,337
Q252,id,337
Q131792,Orinoco,93
Q134750,St. Lawrence,99
Q134750,Fleuve Saint-Laurent,99
Q134750,Saint Lawrence River,99
Q134750,St Lawrence River,99
Q668,Bharata,377
Q668,Bharatvarsh,377
Q668,Hindoostan,377
Q668,Hindustan,377
Q668,üáÆüá≥,377
Q668,Indostan,377
Q668,Republic of India,377
Q252,IDN,337
Q252,Republic of Indonesia,337
Q368,Augusto Pinochet Ugarte,118
Q138578,"Hoboken, New Jersey",68
Q138578,"Hoboken, NJ",68
Q147989,Joaquin Antonio Balaguer Ricardo,37
Q147989,Joaquin Balaguer,37
Q150688,Jos√© de la Cruz Porfirio Diaz Mori,74
Q150688,Porfirio Diaz,74
Q368,Augusto Jos√© Ram√≥n Pinochet Ugarte,118
Q475,Eduardo Nicanor Frei Montalva,42
Q517,Napoleon Bonaparte,263
Q517,Napoleon I,263
Q517,Napoleon I of France,263
Q517,Napoleone Buonaparte,263
Q517,Napol√©on Bonaparte,263
Q517,The Little Corporal,263
Q517,Emperador de Francia Napole√≥n I,263
Q517,emperador dels francesos Napole√≥ I,263
Q517,Empereur des Fran√ßais Napol√©on I,263
Q517,Little Corporal,263
Q387614,Count von Beust,23
Q435375,Alexander Walewski,23
Q435375,Alexandre Colonna Walewski,23
Q435375,"Alexandre Florian Joseph, comte",23
Q435375,Alexandre Joseph Colonna Walewski,23
Q435375,Alexandre Joseph Colonna-Walewski,23
Q435375,Count Alexander Walewski,23
Q435375,Count Alexandre Colonna-Walewski,23
Q435375,Count Alexandre Joseph Colonna-Walewski,23
Q435375,Duke Alexandre Walewski,23
Q164723,Charles Cornwallis,44
Q164723,Cornwallis,44
Q164723,The Earl Cornwallis,44
Q164723,The Most Honourable The Marquess Cornwallis,44
Q164723,Viscount Brome,44
Q166598,Satow,21
Q166598,E.M. Satow,21
Q166598,Sir Ernest Mason Satow,21
Q173897,J. B. Moore,10
Q173897,John B. Moore,10
Q173897,John Basset Moore,10
Q151414,George C. Marshall,100
Q151414,George Catlett Marshall,100
Q151414,"George Catlett Marshall, Jr.",100
Q471690,ANDOK,37
Q485186,"Key West, FL",74
Q485186,"Key West, Florida",74
Q486306,"Pensacola, Florida",71
Q486306,"Pensacola, FL",71
Q486306,"Pensacola, Fla",71
Q487723,Anatoly Fyodorovich Dobrynin,25
Q487907,BoA,56
Q487907,BofA,56
Q487907,Bank of America Corporation,56
Q151929,Eduard Ambrosis dze Shevardnadze,96
Q378517,Yizhai,41
Q378517,Wenzhong,41
Q378517,Yisou,41
Q378517,Zifu,41
Q378517,Jianfu,41
Q378517,Shaoquan,41
Q378517,Banxianju,41
Q378517,Li Hongzhang,41
Q378517,Li Hung Chang,41
Q378517,Li Zhangtong,41
Q378517,Xiaocanglangting,41
Q378517,Xuhongzhang,41
Q379787,Joan Prim,46
Q379787,Juan Prim,46
Q379787,Juan Prim y Prats,46
Q801,il,352
Q801,üáÆüá±,352
Q801,ISR,352
Q801,State of Israel,352
Q801,the Jewish state,352
Q801,IL,352
Q668,Bharat Ganarajya,377
Q794,Persia,356
Q3140,Hudson,90
Q5030,La Villa del Undoso,18
Q5413,Blue River,155
Q5413,Jiang,155
Q5413,Chang Jiang,155
Q5413,Kiang,155
Q5413,Kian,155
Q5413,Kyang,155
Q5413,Changjiang,155
Q5413,Chang Jiang River,155
Q5413,Changjiang River,155
Q5413,Jiang River,155
Q5413,Kiang River,155
Q5413,Kyang River,155
Q5413,Yan-tse,155
Q5413,Yan-tse-kian,155
Q5413,Yang-tse,155
Q5413,Yang-tse River,155
Q5413,Yang-tsze,155
Q5413,Yang-tsze-kiang,155
Q5413,Yang-tze,155
Q5413,Yang-tze River,155
Q5413,Yangtse River,155
Q5413,Yangtsze River,155
Q5413,Yangtze River,155
Q5413,Yangzi,155
Q5413,Yangzi River,155
Q5413,Yantse Kiang,155
Q517,Napoleon Buonaparte,263
Q517,Napoleone Bonaparte,263
Q517,Napoleone di Buonaparte,263
Q517,Napoleone I,263
Q517,Napulione Buonaparte,263
Q517,Napulione di Buonaparte,263
Q517,the Corsican Napolean,263
Q668,IND,377
Q668,IN,377
Q668,Bharat,377
Q794,üáÆüá∑,356
Q794,ir,356
Q794,irn,356
Q794,Islamic Rep. Iran,356
Q794,Islamic Republic of Iran,356
Q183416,South-East Caribbean,47
Q183416,Windward Islands (southern part),47
Q188489,√éle du Cap-Breton,71
Q5413,Yangtzekiang,155
Q5413,Ch'ang Chiang,155
Q5492,Erie,96
Q5764,Bouchara,118
Q5764,Buxoro,118
Q5764,Boukhara,118
Q5783,Andalucia,163
Q5783,Andaluc√≠a,163
Q7355,Hoang-ho,144
Q7355,Hoan-ho,144
Q7355,Huang He River,144
Q7355,Huanghe River,144
Q1062,Ontario,103
Q1273,Toscana,157
Q1978,PEI,131
Q1978,St. John's Island,131
Q1978,Birthplace of Confederation,131
Q1978,CA-PE,131
Q1978,Colony of Prince Edward Island,131
Q1978,Garden of the Gulf,131
Q1978,P.E.I.,131
Q1978,Province of Prince Edward Island,131
Q1978,Epekwitk,131
Q2843,Lybeck,127
Q2843,Hanseatic City of L√ºbeck,127
Q2843,Kreisfreie Stadt L√ºbeck,127
Q2843,Lubeck,127
Q3038,Helgoland,86
Q452070,Carlos Manuel de C√©spedes,31
Q452070,Carlos Manuel Perfecto del Carmen de C√©spedes y L√≥pez del Castillo,31
Q455014,BT,16
Q455205,Count Nikolay Pavlovich Ignatyev,25
Q455205,Nicholas Ignatieff,25
Q466115,Judah Philip Benjamin,30
Q466524,APA,33
Q12560,Osman Empire,185
Q12560,Osmanli Empire,185
Q12560,Ottoman State,185
Q12560,Turkish Empire (colloquially),185
Q707558,"Irvin, Major General McDowell",24
Q709453,Frederick Frelinghuysen,25
Q709453,Frederick Theodore Frelinghuysen,25
Q709453,Hon. Frederick Frelinghuysen,25
Q709453,Honorable Frederick Frelinghuysen,25
Q709453,Honorable Frelinghuysen,25
Q712089,"Duque de Caxias, Duke of Caxias",23
Q712089,Marshall Luiz Alves de Lima,23
Q723678,Henri Dupuy de Lome,23
Q181857,Fundy Bay,66
Q181875,Sir Robert Peel,73
Q181875,"Sir Robert Peel, 2nd Bt",73
Q181875,"Sir Robert Peel, 2nd Baronet",73
Q181875,Sir Robert Peel (1788-1850),73
Q181875,"Robert, Sir Peel",73
Q181875,2nd Bart. Sir Robert Peel,73
Q181875,Peel Collection [2nd Bart.],73
Q181875,"Robert, 2nd Baronet Peel",73
Q181875,"Robert, Sir, 2nd Bart. Peel",73
Q16644,MP,150
Q16644,mp,150
Q16644,NMI,150
Q16644,nmi,150
Q16644,CNMI,150
Q16644,Commonwealth of the Northern Maria Islands,150
Q16644,üá≤üáµ,150
Q16644,the Northern Mariana Islands,150
Q16963,Kiangsu,119
Q16963,Jiangsu Province,119
Q16963,Chiang-su,119
Q16963,Chiang-su Province,119
Q16963,Chiangsu,119
Q16963,Chiangsu Province,119
Q16963,Kiang-su,119
Q16963,Kiangsu Province,119
Q16963,Province of Chiang-su,119
Q16963,Province of Chiangsu,119
Q16963,Province of Jiangsu,119
Q16963,Province of Kiangsu,119
Q16963,Chiang-su Sheng,119
Q16963,Chiangsu Sheng,119
Q16963,Jiangsu Sheng,119
Q16963,Kiangsu Sheng,119
Q16963,Modern Jiangsu,119
Q188698,Kilauea,63
Q188698,"Kilauea (Havaj, Havajsk√© ostrovy : sopka)",63
Q188698,Vulc√£o Kilauea,63
Q188936,General Sherman,66
Q188936,William T. Sherman,66
Q188936,General William Tecumseh Sherman,66
Q435793,Robert Lincoln,34
Q441235,Louis-Jules Trochu,34
Q441815,David Preston Thompson,8
Q448778,James Gillespie Blaine,38
Q448803,Edwin McMasters Stanton,29
Q448803,Edwin Stanton,29
Q448803,Edwin McMaster Stanton,29
Q449208,Alvin P. Hovey,9
Q1350848,Count Vincent Benedetti,15
Q1386012,W. R.,9
Q1390003,Francis Barlow,12
Q1390003,Francis C. Barlow,12
Q1432360,Reagan Library,17
Q1432360,Ronald Reagan Presidential Library & Museum,17
Q1432360,Ronald Reagan Presidential Library and Center for Public Affairs,17
Q487907,"BANK OF AMERICA CORPORATION     (Charlotte, NC)",56
Q495534,Rimjin River,29
Q504369,Henry Wager Halleck,28
Q504489,A. D. White,29
Q504489,A.D. White,29
Q504489,Andrew D. White,29
Q504489,Andrew White,29
Q511876,City of Manassas,41
Q511876,"Manassas, VA",41
Q511876,"Manassas, Virginia",41
Q515741,Serrano y Dominguez,24
Q197344,Wenxiang,24
Q197344,Wujing,24
Q197344,Niuweng,24
Q197344,Aol√ºelou,24
Q197344,Baobingtang,24
Q197344,Fengdulou,24
Q197344,Fuqiangzhai,24
Q197344,Guangyatang,24
Q197344,Guanmianlou,24
Q197344,Hugong,24
Q197344,Huomenglou,24
Q197344,Shaoda,24
Q197344,Tanmiandaoren,24
Q197344,TCHANG Tche-tong,24
Q197344,Wujing jushi,24
Q197344,Xiangtao,24
Q197344,Xianyan,24
Q197344,Xiaoda,24
Q197347,Chang Chih-chung,13
Q199618,"Monticello, VA",41
Q199618,"Monticello, Virginia",41
Q201463,Zhu Jiang,71
Q201463,Great River,71
Q201463,Ta River,71
Q201463,Chu River,71
Q201463,Canton River,71
Q201463,Chu Chiang,71
Q201463,Chu Kiang,71
Q201463,Chu-kiang River,71
Q201463,Da River,71
Q201463,River Canton,71
Q201463,River Chu,71
Q201463,River Ta,71
Q201463,River Yue,71
Q201463,River Zhu,71
Q201463,Yue River,71
Q201463,Zhu River,71
Q201463,Zhujiang River,71
Q155144,Imperial territory of Alsace-Lorraine,57
Q157259,"John Russell, Earl Russell",59
Q157259,Lord John Russell,59
Q970332,Jos√© Tadeo Monagas Burgos,20
Q972846,Leon Roches,11
Q1000222,"Port Huron, MI",45
Q1000222,"Port Huron, Michigan",45
Q1001448,Ossipee N.H.,28
Q1001448,Ossipee NH,28
Q1001448,"Ossipee, New Hampshire",28
Q1001448,"Ossipee, NH",28
Q1011895,The 757,20
Q1011895,"Virginia Beach‚ÄìNorfolk‚ÄìNewport News, VA‚ÄìNC, Metropolitan Statistical Area",20
Q1013398,"Coggeshall, Essex",24
Q1026296,San Juan de Jinotega,38
Q1053419,Montos,21
Q182276,Ahre,83
Q182276,Benito Pablo Ju√°rez Garc√≠a,83
Q916935,Ruy Barbosa de Oliveira,24
Q923619,Jules Claude Gabriel Favre,22
Q939779,Tomas Mejia,13
Q942318,Rogers Clark Ballard Morton,13
Q942318,Rogers C.B. Morton,13
Q943984,Sir Stafford Canning,12
Q943984,"Sir Stafford Canning, first Viscount Stratford de Redcliffe",12
Q943984,Stafford Canning,12
Q943984,Stratford Canning,12
Q945390,Sir Robert Stout,11
Q952937,LME,26
Q952937,XLME,26
Q956253,Albert Auguste Gabriel Hanotaux,23
Q956253,G Hanotaux,23
Q965283,Cardinal Ra√∫l Silva Henr√≠quez,17
Q189145,Santa Anna,58
Q189145,Antonio de Padua Mar√≠a Severino L√≥pez de Santa Anna y P√©rez de Lebr√≥n,58
Q189145,Antonio de Padua Maria Siverino Lopez de Santa Anna y Perez de Lebron,58
Q189145,Antonio de Santa-Anna,58
Q189145,Antonio Lopez de Santa Anna,58
Q189145,L√≥pez de Santa Anna,58
Q9212,USA,77
Q9212,American Army,77
Q9212,Ground forces of the United States Armed Forces,77
Q9212,U. S. Army,77
Q9212,U.S. Army,77
Q9212,US Army,77
Q9212,US land forces,77
Q9212,US troop,77
Q9212,US troops,77
Q9212,USAR,77
Q7416,Margaret Roberts,195
Q7416,Baroness Margaret Thatcher,195
Q7416,Baroness Thatcher,195
Q7416,Baroness Thatcher of Kesteven,195
Q7416,Lady Thatcher,195
Q7416,Maggie Thatcher,195
Q7416,Margaret Hilda Roberts,195
Q7416,Margaret Hilda Thatcher,195
Q7416,Mrs. T,195
Q7416,Mrs. Thatcher,195
Q796,IRQ,327
Q796,iq,327
Q796,al-‚ÄòIrƒÅq,327
Q796,üáÆüá∂,327
Q796,Jumh≈´riyyat al-‚ÄòIrƒÅq,327
Q796,Komar-i ‚Äò√äraq,327
Q796,Republic of Iraq,327
Q796,ÿßŸÑÿπÿ±ÿßŸÇ,327
Q9648,Falklands,187
Q9648,üá´üá∞,187
Q9684,@nytimes,114
Q9684,N Y Times,114
Q9684,N. Y. Times,114
Q9684,New York Times,114
Q9684,New York Times (newspaper),114
Q9684,New-York Daily Times,114
Q9684,NYT,114
Q9684,NYTimes,114
Q9684,nytimes.com,114
Q9684,The Gray Lady,114
Q9684,The New York Daily Times,114
Q9684,The NY Times,114
Q9684,The NYT,114
Q9684,The Paper of Record,114
Q9684,The Sunday Times,114
Q9684,The Times,114
Q9684,Times,114
Q192894,Miguel Primo de Rivera y Orbaneja,59
Q193082,Sistova,49
Q157259,Finality John,59
Q157259,"John, Earl Russell",59
Q159378,IsmƒÅ‚Äòƒ´l BƒÅshƒÅ,47
Q159378,ƒ∞smail Pa≈üa,47
Q159378,Ismail Pasha,47
Q159378,Ismail the Magnificent,47
Q159378,Isma øil,47
Q159626,W√ºrtemberg,53
Q519900,Baron Ricasoli,39
Q519900,The Iron Baron,39
Q540230,Carlos Alberto Lleras Restrepo,27
Q558247,Yakub Beg,26
Q558247,Muhammad Yaqub Bek,26
Q558738,maximo Baez,19
Q558738,Maximo Gomez,19
Q590052,Topolobampo,12
Q26590,Ju√°rez City,83
Q26906,Angostura,56
Q182781,Mehemet Ali,69
Q182781,mohamed ali,69
Q182781,Mohamed ali,69
Q182781,Mohammed ali,69
Q1710656,WT,22
Q1710656,Territory of Washington,22
Q1710656,W.T.,22
Q1822088,Lewis Davis Campbell,6
Q1962272,Zitacuaro,17
Q1962272,Zit√°cuaro,17
Q1962272,"Zit√°cuaro, M√©xico",17
Q1962272,"Zit√°cuaro, Michoac√°n",17
Q1962777,Papantla de Olarte Veracruz,24
Q2009853,Petit-Goave,17
Q2009853,Ti Gwav,17
Q2011531,Tamandare,25
Q2029273,BOE,16
Q2029273,Bol Of Estado Gac Madr Spain,16
Q2029273,Boletin Oficial del Estado,16
Q2029273,Boletin oficial del estado: Gaceta de Madrid. Spain,16
Q2029273,Official State Gazette,16
Q855669,APRA,23
Q855669,Alianza Popular Revolucionaria Americana,23
Q855669,American Popular Revolutionary Alliance,23
Q855669,Partido Aprista Peruano,23
Q855669,Peruvian Aprista Party,23
Q879077,The Wagon Boy,19
Q879077,Tom Corwin,19
Q879234,Frederick Ferdinand Low,15
Q882617,Edward McCook,7
Q882617,Edward Moody McCook,7
Q886109,John A. Dix,8
Q886456,Pierre Theoma Boisrond-Canal,12
Q888186,Pablo Arosemena Alba,16
Q9439,Victoria of the United Kingdom,158
Q9439,Queen Victoria,158
Q9439,Alexandrina Victoria,158
Q9439,Alexandrina Hanover,158
Q9439,Alexandrina Victoria von Hannover,158
Q9439,Princess Victoria of Kent,158
Q9439,"Queen Victoria, Queen of the United Kingdom",158
Q9439,Victoria Alexandrina,158
Q9439,Victoria Hanover,158
Q9439,"Victoria, Queen of Great Britain",158
Q9439,Queen of Great Britain Victoria,158
Q9648,Malvinas,187
Q9648,FK,187
Q9648,Islas Malvinas,187
Q9648,Malvinas Islands,187
Q9648,FLK,187
Q1064457,Charles Anthony Fried,7
Q1064998,Charles James McCarthy,7
Q1065145,Charles Keating Tuckerman,3
Q1130956,COPEC,3
Q1133170,Iron Duke of Hawai ªi,14
Q1133170,Robert William Kalanihiapo Wilcox,14
Q1144173,Northern Fur Seal Islands,29
Q1160530,Daniel E. Sickles,15
Q1185066,Delwen Lowell Jensen,6
Q1190016,E. R. S. Canby,11
Q1190016,Edward R. S. Canby,11
Q1190016,Edward Richard Sprigg Canby,11
Q1200811,Thomas Joseph FitzGerald,10
Q1200811,Thomas Desmond Fitzgerald,10
Q1240079,Donald McDonald Dickinson,10
Q1282007,James Hannen,4
Q1290702,Eduard Andreevich Stoeckl,9
Q1344993,Fred Grant,6
Q1344993,F. D. Grant,6
Q1344993,Fred Dent Grant,6
Q1344993,Frederick D. Grant,6
Q202175,Gull Island,54
Q202175,Oyster Island,54
Q202175,Gibbet Island,54
Q202175,Fort Gibson,54
Q202175,Ellis Island National Monument,54
Q202175,Anderson's Island,54
Q202175,Bucking Island,54
Q202175,Dyre Island,54
Q202175,Ellis' Island,54
Q202175,Ellis's Island,54
Q202175,Ki-oshk,54
Q202175,Kiosh,54
Q202175,Kioshk,54
Q30487,M. Gorbachev,190
Q30487,M.S. Gorbachev,190
Q30487,Mikhail Sergeevich Gorbachev,190
Q30487,Mikhail Sergeyevich Gorbachev,190
Q30487,Mikhail Sergeyevich Gorbachyov,190
Q595285,Nubar Nubarian,27
Q602420,Antonio Guzman Blanco,24
Q612155,Nicanor Costa Mendez,9
Q637440,Lazard Brothers & Co,15
Q637440,Lazard Fr√®res & Co,15
Q654942,Rt. Hon. William Edward Forster,11
Q654942,W. E. Forster,11
Q656969,Richard Hubbard,10
Q656969,Richard Bennett Hubbard,10
Q656969,"Richard Bennett Hubbard, Jr.",10
Q681470,George Gilman Fogg,7
Q689281,Hon. John Lothrop Motley,17
Q689281,J. L. Motley,17
Q696704,Wenjue,15
Q696704,Wu Xu,15
Q696704,Zhiyong,15
Q696704,Ng Choy,15
Q703642,John Foster,27
Q703642,John W. Foster,27
Q12702,Edgar Algernon Robert Cecil,57
Q12702,Edgar Algernon Robert Gascoyne Viscount Cecil of Chelwood,57
Q12702,Edgar Algernon Robert Gascoyne-Cecil,57
Q12702,Lord Robert Cecil,57
Q12702,"Robert Cecil, 1st Viscount Cecil of Chelwood",57
Q15175,Canton,125
Q15175,Kwangtung,125
Q15175,Guangdong province,125
Q15282,Nuevo Leon,96
Q15282,Free and Sovereign State of Nuevo Leon,96
Q15282,Free and Sovereign State of Nuevo Le√≥n,96
Q804868,BLW,16
Q817478,Benjamin F. Tracy,11
Q845720,Espiritu Santo,49
Q845720,Sancti Spiritus,49
Q2037402,Samana Bay,11
Q2215086,Laguna de Perlas,13
Q2215086,Municipality of Pearl Lagoon,13
Q2215086,Pearl Lagoon Municipality,13
Q2311485,S. Wells Williams,16
Q2311485,S.W. Williams,16
Q2311485,Samuel W. Williams,16
Q2367183,Matias Romero,5
Q2367183,Mat√≠as Romero Avenda√±o,5
Q2367183,Matias Romero Avendano,5
Q2429630,Mole-Saint-Nicolas,14
Q2514280,Bradford Ripley Wood,5
Q2595783,FRAP,10
Q2600525,Andres Zaldivar,10
Q8442,Otto von Bismarck-Sch√∂nhausen,200
Q8442,"Eduard Leopold, Prince von Bismarck-Sch√∂nhausen",200
Q8605,Bol√≠var,165
Q8605,Simon Bolivar,165
Q8605,The Liberator,165
Q8605,Sim√≥n Jos√© Antonio de la Sant√≠sima Trinidad Bol√≠var y Ponte Palacios y Blanco,165
Q8605,The Liberator of America,165
Q9061,Marx,289
Q9061,Karl H. Marx,289
Q9061,Karl Heinrich Marx,289
Q202289,Elie Decazes,25
Q202289,√âlie Decazes,25
Q210329,Chunyizhai,60
Q210329,Huanshangdiaotu,60
Q210329,Huanshangyuren,60
Q210329,Muyexinnong,60
Q210329,Rongan,60
Q210329,Songyun,60
Q210329,Weiting,60
Q210329,Xiazhulou,60
Q210329,Yangshoutang,60
Q210329,Yangshouyuan,60
Q214481,Gustave Koerner,7
Q214481,Gustavus Koerner,7
Q214481,Gustavus P. Koerner,7
Q215135,Wilhelm Maria Theodor Ernst Richard Graf von Mirbach-Harff,22
Q215562,Fred Bailey,81
Q215562,Freddie Bailey,81
Q215562,Frederick Augustus Washington Bailey,81
Q215562,Frederick Augustus Washington Baly,81
Q216077,Kew Keang,48
Q216077,Kiukiang,48
Q216835,Cap Ha√Øtien,48
Q1443101,Frank Leslie Coombs,6
Q1508497,"Birch Bay, WA",25
Q1521146,Rollin Mallory Daggett,6
Q1521146,Rollin Daggett,6
Q1521146,R. M. Daggett,6
Q1606684,Henry Drummond-Wolff,7
Q1606684,Rt. Hon. Sir Henry Drummond Wolff,7
Q1606684,Sir Henry Drummond Charles Wolff,7
Q1606684,Sir Henry Drummond Wolff,7
Q1634420,Hugh J. Kilpatrick,12
Q1634420,Judson Kilpatrick,12
Q1634420,Maj.-Gen. Hugh Judson Kilpatrick,12
Q1677425,Jacob Beeson Blair,5
Q1680545,James Blount,6
Q1680545,James H. Blount,6
Q1683452,Jardines,22
Q1683452,Jardine Matheson Holdings Limited,22
Q1683452,Jardine Matheson Holdings Ltd.,22
Q1683452,Jardine Matheson & Co.,22
Q1699063,John Adam Kasson,5
Q1699336,John Armor Bingham,11
Q1701067,John Langston,9
Q1701067,John M. Langston,9
Q7525,Aqyar,137
Q7525,Sebastopol,137
Q7525,Sebastopol,137
Q7525,Sevastopil,137
Q7525,Sevastopol',137
Q7525,Sewastupolis,137
Q7525,Sewast√∫polis,137
Q7721,Louis Napoleon,123
Q7721,"Charles-Louis-Napol√©an, Emperor of the French Bonaparte",123
Q7721,"Louis-Napol√©an, Emperor of the French Bonaparte",123
Q7721,Louis-Napoleon Bonaparte,123
Q7721,Louis-Napol√©on Bonaparte,123
Q7721,Napol√©on III,123
Q7721,Napoleon III.,123
Q8442,Bismarck,200
Q8442,Prince Bismarck,200
Q8442,Iron Chancellor,200
Q8442,Otto Eduard Leopold von Bismarck-Sch√∂nhausen F√ºrst von Bismarck,200
Q8442,"Otto Eduard Leopold, Prince of Bismarck, Duke of Lauenburg",200
Q16967,Che Kiang,117
Q16967,Che-kiang,117
Q16967,Chekiang,117
Q16967,Kien-Kiang,117
Q16967,Tche Kiang,117
Q16967,Tche-kiang,117
Q16967,Zhejiang Province,117
Q16967,Cheh-kiang,117
Q19770,Shu,132
Q19770,Ba,132
Q19770,Western China,132
Q19770,Huaxi,132
Q19770,West China,132
Q19770,Sichuan Province,132
Q19770,Szechwan,132
Q19770,Province of Sichuan,132
Q19770,Sechuen,132
Q19770,Ssu-ch'uan,132
Q19770,Ssu-chuan,132
Q19770,Sz-chuan,132
Q19770,Sz-chwan,132
Q19770,Szchuan,132
Q19770,Szechuan,132
Q19770,Hua-hsi,132
Q19770,Huahsi,132
Q19770,Se-chuan,132
Q19770,Se-tchouan,132
Q19770,Se-tchuen,132
Q19770,Sechuan,132
Q19770,Setchouan,132
Q19770,Setchuen,132
Q193727,Johns Hopkins,78
Q193727,Hopkins,78
Q193727,JHU,78
Q193727,jhu.edu,78
Q193727,The Johns Hopkins University,78
Q195328,John Caldwell,9
Q195328,John C. Caldwell,9
Q197344,Baobing,24
Q211031,SDI,42
Q211031,Star Wars program,42
Q212158,AKEL,41
Q38981,L√§ndle,111
Q39109,MG,115
Q39109,Minas Gerais state,115
Q39109,Minas Gerais State,115
Q40942,PE,111
Q19770,Ssuch'uan,132
Q19770,Ssuchuan,132
Q19770,Su-tchuen,132
Q19770,Sutchuen,132
Q19770,Sze-tschwan,132
Q19770,Szetschwan,132
Q23051,Abertawe,96
Q24631,George Gordon,56
Q24631,Earl of Aberdeen,56
Q24631,George Hamilton Gordon,56
Q24631,4th Earl of Aberdeen,56
Q24631,"Aberdeen, George Hamilton-Gordon, 4th Earl of",56
Q24631,George Aberdeen,56
Q24631,George Hamilton Gordon Aberdeen,56
Q24631,"George Hamilton Gordon, 4th Earl of Aberdeen",56
Q24631,"George Hamilton-Gordon, 4th Earl Of, Viscount Gordon of Aberdeen, Viscount of Formartine, Lord Haddo, Methlick, Tarves",56
Q26590,Ju√°rez,83
Q11698,America Constitution,116
Q11698,America's Constitution,116
Q11698,American Constitution,116
Q11698,Constitution (America),116
Q11698,Constitution (United States of America),116
Q11698,Constitution (United States),116
Q11698,Constitution of America,116
Q11698,Constitution of the United States,116
Q11698,Constitution of the United States of America,116
Q11698,Constitution of the USA,116
Q11698,U. S. A. Constitution,116
Q11698,U. S. Constitution,116
Q11698,U.S. Constitution,116
Q11698,U.S.A. Constitution,116
Q11698,US Constitution,116
Q11769,Ice Curtain,108
Q11812,President Jefferson,210
Q11812,T. Jefferson,210
Q38872,Prussia (Germany),126
Q965283,Ra√∫l Cardinal Silva Henr√≠quez,17
Q965283,Raul Silva Henriquez,17
Q31284,PRD,9
Q31284,Partido Revolucionario Dominicano,9
Q34969,Ben Franklin,196
Q34969,Franklin,196
Q34969,Poor Richard,196
Q34969,Silence Dogood,196
Q34969,The First American,196
Q724521,E. R. Hoar,11
Q724521,Ebenezer Hoar,11
Q724521,Ebenezer Rockwood Hoar,11
Q726198,Walter Q. Gresham,24
Q733118,"Sir Moses Haim Montefiore, 1st and last Bt.",28
Q733118,Sir Moses Montefiore,28
Q769418,Thomas Osborn,8
Q769418,Thomas Andrew Osborn,8
Q778295,Count Peter Schouvaloff,19
Q778295,Count Pyotr Andreyevich Shuvalov,19
Q191789,Martha Custis,67
Q191789,Martha Dandridge,67
Q191789,Martha Dandridge Custis Washington,67
Q192626,Mokupuni o Hawai‚Äòi,77
Q192626,Sandwich Islands,77
Q314196,Conde Karl Robert von Nesselrode,32
Q314196,Count von Nesselrode,32
Q315607,David Glasgow Farragut,45
Q315607,D. G. Farragut,45
Q315607,David G. Farragut,45
Q315607,David Glasgoe Farragut,45
Q28218,"Baton Rouge, LA",122
Q28218,"Baton Rouge, La.",122
Q28218,"Baton Rouge, Louisiana",122
Q28218,Baton-Rouge,122
Q30487,Gorby,190
Q30487,Gorbachev,190
Q30487,Mikhail Gorbachov,190
Q30487,Mikhail Gorbachyov,190
Q45833,K√∂kenuur,115
Q2861229,"Arichat, Nova Scotia",6
Q2861229,"Arichat, NS",6
Q2862799,Armour & Company,5
Q2886883,Basilio Arturo Ignacio Lami Dozo,9
Q2958396,Charles Dana,13
Q2958396,Charles A. Dana,13
Q2958396,C. A. Dana,13
Q2976980,W. W. Rockhill,9
Q2976980,William W. Rockhill,9
Q3087186,Frederick Seward,8
Q3087186,Frederick William Seward,8
Q3101405,Sir George Smyth Baden-Powell,8
Q3127920,Sir Harry Smith Parkes,14
Q3131631,Edouard Henri Mercier,2
Q3132669,"Henry Lytton Bulwer, Lord Dalling and Bulwer",5
Q3132669,William Henry Lytton Earle Bulwer,5
Q3132669,Henry Lytton Bulwer,5
Q3133070,H. S. Sanford,6
Q3133070,Henry S. Sanford,6
Q3133070,"Henry Sanford, U.S. Ambassador to Belgium",6
Q3182545,John H. Surratt,8
Q3182545,John Harrison Surratt,8
Q3182545,"John Harrison Surratt, Jr.",8
Q3330319,Edmundo Perez Zujovic democrata Cristiano,8
Q3366524,Partido Nacional (Chile),7
Q3424605,A. A. Adee,8
Q3424605,A. Augustus Adee,8
Q3424605,Alvey Augustus Adee,8
Q192821,Parti communiste fran√ßais,56
Q192821,PCF,56
Q297308,William Henry Seward,57
Q298997,Levi Morton,51
Q298997,Levi Parsons Morton,51
Q301493,Aarifi Pasha,12
Q301493,Arifi Pasha,12
Q310192,George McClellan,45
Q310192,George B. McClellan,45
Q310192,Little Mac,45
Q310192,G. B. McClellan,45
Q310192,General McClellan,45
Q310192,George B McClellan,45
Q310192,George McClellam,45
Q310192,M'Clellan,45
Q310192,The Young Napoleon,45
Q313557,Count Andrassy,42
Q313557,Count Andr√°ssy,42
Q313557,Gyula Andrassy,42
Q313557,Gyula Count Andrassy de Csikszentkiraly et Krasznahorka,42
Q313557,Gyula Count Andr√°ssy de Cs√≠kszentkir√°ly et Krasznahorka,42
Q4057284,Anatoly Leonidovich Adamishin,9
Q4120832,Konigsberg,49
Q4120832,K√∂nigsberg i. Pr.,49
Q4120832,K√∂nigsberg in Preu√üen,49
Q4120832,Twangste,49
Q4120843,Norman Judd,6
Q4120843,N. B. Judd,6
Q4120843,Norman Buel Judd,6
Q4398741,Rawson W. Rawson,6
Q4398741,Sir Rawson William Rawson,6
Q4648109,Archibald Loudon Snowden,4
Q4756243,Andrew Bray Dickinson,2
Q4814791,Albert Nile,80
Q4814791,An Nƒ´l al Abya·∏ë,80
Q4814791,El Bahr el Abyad River,80
Q4814791,Mountain Nile,80
Q4814791,Victoria Nile,80
Q4814791,White Nile River,80
Q4854155,J. C. Bancroft Davis,6
Q4854155,John C. Bancroft Davis,6
Q8025026,W. S. Schley,7
Q8025026,Winfield S. Schley,7
Q11349185,Lucius Harwood Foote,5
Q11350592,Robert Hewson Pruyn,8
Q13407942,George H. Boker,9
Q14918609,Aleksandros Mavroyeni,4
Q15265261,Bah√≠a de Panam√°,8
Q16058974,Gr√©goire Aristarchi,2
Q16058974,Grigorios Aristarchis,2
Q16058974,Aristarchis Bey,2
Q16058974,Aristarchi Bey,2
Q16062601,Isaac Bell,5
Q16062629,Jacob Samils Haldeman,1
Q16063481,George Paulet,1
Q16063481,The Right Honourable Lord George Paulet,1
Q16063481,Admiral Lord George Paulet,1
Q16648085,William Buchanan,2
Q16648085,William I. Buchanan,2
Q17047955,Olyphant &amp; Co.,4
Q17183063,Lansing Bond Mizner,1
Q17421956,James Davidson Tillman,2
Q18218215,Sir Charles Lennox Wyke,3
Q18390996,Social Democratic Party of Romania (1927-1948),2
Q18673992,Sir John Walsham,3
Q18673992,"Sir John Walsham, 2nd Baronet",3
Q18673992,"Sir John Walsham, 2nd Bt.",3
Q19843413,J. M. Francis,4
Q19843413,John Morgan Francis,4
Q19974424,William Edward Brophy,1
Q22959033,Ralph Anthony Dungan,2
Q22959033,Ralph Dungan,2
Q22959033,Ralph Dungan,2
Q22959033,"Ralph Anthony Dungan, Jr.",2
Q23074280,Edward Spencer Pratt,1
Q27843697,Arthur Porter Peterson,2
Q27859386,John Francis Colburn,2
Q27926264,Cerro Corporation,2
Q27926264,Cerro de Pasco Copper Corporation,2
Q27926264,Cerro de Pasco Mining Corporation,2
Q28059226,Robert Milligan McLane,3
Q28059226,Robert M. McLane,3
Q28080921,Edward Creamor Macfarlane,3
Q41677635,Joseph Oliver Carter,2
Q2749246,Bahia,13
Q2749246,Bah√≠a,13
Q2749246,Bahia de Caraquez,13
Q2749246,San Antonio de Morga de la Bah√≠a de Car√°quez,13
Q2845063,Amalgamated Copper Mining Company,6
Q2845063,Anaconda Company,6
Q82006,Dizzy,132
Q82006,"Benjamin Disraeli, Earl of Beaconsfield",132
Q82006,Lord Beaconsfield,132
Q82006,1st Earl of Beaconsfield Benjamin Disraeli,132
Q82006,"Benjamin, Earl of Beaconsfield Disraeli",132
Q82006,"Benjamin, Earl of Beaconsfield, Viscount Hughenden of Hughenden Disraeli",132
Q6037424,Lord Julian Pauncefote of Preston,6
Q6103990,Joseph King,3
Q6103990,Joseph Caldwell King,3
Q6103990,Joseph C. King,3
Q6103990,J. Caldwell King,3
Q6134397,James Gilchrist Swan,3
Q6138390,James Comly,4
Q6138390,James Munroe Stuart Comly,4
Q6140564,James Osborne Putnam,2
Q6218204,John Adams Kuakini Cummins,3
Q6230966,J. E. W. Thompson,4
Q6230966,John Edward West Thompson,4
Q6231271,John E. Bush,3
Q6243707,John Leavitt Stevens,5
Q6243728,John L Waller,2
Q6243728,John Lewis Waller,2
Q6259904,John True Abbott,1
Q6262502,John Wallace Riddle,6
Q6262502,John Wallace Riddle Jr.,6
Q6262502,John Riddle,6
Q6278499,Jorge Prat E.,3
Q6278499,Jorge Prat Echaurren,3
Q6713002,Melville Peter McPherson,2
Q6970853,NAP,6
Q7299845,Raul Saez,2
Q7299845,Ra√∫l S√°ez S√°ez,2
Q7342617,Robert Crothers Kirk,4
Q7349563,Robert S. McCormick,7
Q7381313,Russell & Co.,5
Q316210,Sebastian Lerdo de Tejada,31
Q317952,PCCh,37
Q320466,Oceanic Steam Navigation Company,40
Q320466,White Star Line of Boston Packets,40
Q321214,Ernesto Rodolfo Hintze Ribeiro,8
Q327801,Alajos Karolyi,9
Q84192,Maximilian I,66
Q84192,Ferdinand Maximilian Josef Maria,66
Q84192,Ferdinando Maximiliano de Hapsburgo,66
Q84192,Fernando Jos√© Maximiliano,66
Q84192,Fernando Maximiliano de Austria,66
Q84192,Maximiliano I,66
Q213576,Hwai River,52
Q213749,Hu√°scar,38
Q213749,Inti Cusi Huallpa Hu√°scar,38
Q214481,Gustav Korner,7
Q214481,Gustav K√∂rner,7
Q214481,Gustav Philipp Koerner,7
Q7400620,Sugimura Yotaro,2
Q7400620,Sugimura Youtarou,2
Q7410841,Samuel Bulkley Ruggles,3
Q7528832,Robert Phillimore,7
Q7528832,Joseph Robert Phillimore,7
Q7528832,Robert Joseph Phillimore,7
Q7528832,"Sir Robert Joseph Phillimore, 1st Bt.",7
Q7558821,Solon Menos,2
Q7790307,Thomas Henry Nelson,3
Q7792844,Thomas Osborn,4
Q7792844,Thomas Ogden Osborn,4
Q7889862,DPC,7
Q7889862,United States Domestic Policy Council,7
Q7889862,White House Domestic Policy Council,7
Q7965519,Walter Murray Gibson,8
Q8004285,William Martin,6
Q8004285,W. A. P. Martin,6
Q8004285,William A. P. Martin,6
Q8008895,William Wharton,4
Q8008895,W. F. Wharton,4
Q8008895,William Fisher Wharton,4
Q333804,Viscount Garmoyle,10
Q333804,Hugh McCalmont Cairns,10
Q333804,"Hugh McCalmont Cairns, 1st Earl Cairns",10
Q335115,Baron Armstrong,26
Q335115,Baron Armstrong William George,26
Q335115,W. G. Armstrong Baron,26
Q335115,W. G. Baron Armstrong,26
Q335115,William George Armstrong Baron Armstrong of Cragside,26
Q335115,"William George Armstrong, 1st Baron Armstrong",26
Q335115,"William George, Baron Armstrong",26
Q335115,"William George, Lord Armstrong",26
Q336493,Count Istv√°n Tisza de Borosjen≈ë et Szeged,33
Q336493,Istvan Tisza,33
Q336493,Istv√°n Tisza von Borosjen√∂,33
Q336901,Antonio Canovas del Castillo,38
Q93338,Aintab,111
Q93338,Ain-Tab,111
Q93338,Antep,111
Q104437,Yukon,88
Q216847,Cucuta,69
Q249025,Matsuki Koan,10
Q268103,"Fort Erie, ON",23
Q268103,"Fort Erie, Ontario",23
Q270569,R√≠o Pilcomayo,50
Q271215,Corumba,50
Q79580,"Tuscaloosa, Alabama",68
Q79580,"Tuscaloosa, AL",68
Q81931,C.S.,93
Q81931,Confederacy,93
Q81931,CS,93
Q81931,CSA,93
Q81931,C.S.A.,93
Q42824,MT,107
Q42824,Mato Grosso State,107
Q43720,Pope Pius IX,102
Q43720,Giovanni Maria Mastai-Ferretti,102
Q43720,Pius PP. IX,102
Q43720,Pope Blessed Pius IX,102
Q43720,Pope Pio IX,102
Q43720,Pope Pio Nono,102
Q81931,Confederate States of America,93
Q81931,the Confederacy,93
Q81931,the Confederate States,93
Q81931,the Confederate States of America,93
Q81931,the rebellious States,93
Q81931,the seceding States,93
Q81931,the Southern Confederacy,93
Q81931,the States in rebellion,93
Q47097,Kweichow,115
Q47097,Guizhou (PRC),115
Q47097,Guizhou Province,115
Q47097,Koei-chou,115
Q47097,Koeichou,115
Q47097,Kuei-chou,115
Q47097,Kueichou,115
Q47097,Kweichou,115
Q47097,Province of Guizhou,115
Q47097,Koei-tcheou,115
Q47097,Koeitcheou,115
Q48320,K≈çbe,122
Q38022,Saint Louis,128
Q38022,City of St. Louis,128
Q38022,"Saint Louis, MO",128
Q38022,St. Louis City,128
Q38022,"St. Louis, MO",128
Q38872,Preussen,126
Q369930,Ahmad Shafiq Midhat Pasha,32
Q369930,Ahmed Midhat Pasha,32
Q369930,Ahmed ≈ûefik Midhat Pasha,32
Q369930,Ahmet ≈ûefik Mithat Pasha,32
Q369930,Midhat Pa≈üa,32
Q369930,Midhat Pascha,32
Q377912,D. Enrique Meiggs,9
Q377912,Enrique Meiggs,9
Q377912,Honest Henry Meiggs,9
Q40942,Pernambuco state,111
Q40942,Pernambuco State,111
Q41705,Fu-chien,120
Q41705,Fukien,120
Q41705,Fu-kien,120
Q41705,Fokien,120
Q41705,Fou Kien,120
Q41705,Fou-kien,120
Q41705,Foukien,120
Q41705,Fu Kien,120
Q41705,Fuchien,120
Q41705,Fujiang Province,120
Q41705,Province of Fujian,120
Q353464,Alexander Petion,30
Q353464,Alexandre Petion,30
Q353464,Alexandre Sab√®s P√©tion,30
Q353464,Petion,30
Q353464,P√©tion,30
Q368045,Upland,43
Q368045,"Chester, Pennsylvania",43
Q368045,"Chester, PA",43
Q369128,General Tire and Rubber Company,10
Q369128,General Tire International Company,10
Q107288,Liliuokalani,65
Q107288,Lydia K. Dominis,65
Q107288,Lydia Kamaka ªeha PƒÅkƒ´,65
Q107288,Lydia Lili ªu Loloku Walania Wewehi Kamaka ªeha,65
Q107288,Queen Liliuokalani,65
Q329832,General Henry Clay Ide,7
Q329832,H. C. Ide,7
Q329832,Henry C. Ide,7
Q329832,Henry Ide,7
Q331182,William Dayton,12
Q331182,William Lewis Dayton,12
Q332650,Earl Of Iddesleigh,15
Q332650,Sir Stafford Henry Northcote,15
Q332650,Stafford Henry Northcote,15
Q333220,"Henry Brougham, Baron Brougham And Vaux",22
Q333220,Henry Peter Brougham,22
Q333220,"Henry Brougham, Lord Brougham and Vaux",22
Q333233,Charles Stanley Monck,13
Q333233,"Charles Monck, Lord Monck",13
Q333233,"Charles Stanley Monck, 4th Viscount Monck",13
Q333233,"Charles Stanley Monck, 4th Viscount Monck of Ballytrammon",13
Q333691,Sanford Ballard Dole,30
Q333691,Sanford Dole,30
Q48525,US government,58
Q48525,Federal Government of the United States,58
Q48525,Federal Government of the United States of America,58
Q48525,government of the United States,58
Q48525,Government of the United States of America,58
Q48525,national government of the United States of America,58
Q48525,U. S. government,58
Q48525,U.S. federal government,58
Q48525,U.S. government,58
Q48525,United States federal government,58
Q48525,United States government,58
Q48525,US federal government,58
Q48525,US national government,58
Q49152,Cape Malabar,48
Q49152,"Cape Cod, Massachusetts",48
Q49152,Cap Cod,48
Q49152,Cap Codd,48
Q49152,Cape Cod (Mass.),48
Q49152,"Cape Cod, MA",48
Q49152,Cape Codd,48
Q49152,Cape Iames,48
Q49152,Cape-Codd,48
Q49152,Capo Cod,48
Q49152,"Cod, Cape",48
Q49152,Malabarre,48
Q49152,Staten Hoeck,48
Q49152,Witte Hoeck,48
Q51056,Francis Joseph I,95
Q51056,Franz Josef I,95
Q51056,Franz Joseph I,95
Q41705,Fo-kien,120
Q42182,Buckingham House,89
Q42182,Buck House,89
Q107288,Queen Lili ªuokalani,65
Q114385,M. F. Maury,28
Q114385,"MATTHEW FONTAINE MAURY, LL.D",28
Q124094,Johann Caspar,21
Q124094,Johann Kaspar Bluntschli,21
Q41677635,J. O. Carter,2
Q43400658,William Thayer,2
Q54859869,Charles Edward Hill,2
Q56761321,John Walker,2
Q56761321,John S. Walker,2
Q57312856,Victor Arthur Wellington Drummond,0
Q64167177,Charles S. Francis,3
Q74289688,John Malhelm Berry Sill,1
Q87759000,John Brinckerhoff Jackson,3
Q92474411,Fenton Reuben McCreery,1
Q104835325,Watson Robertson Sperry,3
Q104835325,Watson Sperry,3
Q106639614,William Hutchinson,0
Q106639614,W. H. Hutchinson,0
Q106922089,R. M. Reynolds,0
Q106922089,Rice M. Reynolds,0
Q106922089,Rice Reynolds,0
Q107393070,Reverend John Seys,2
Q35827,La Plata River,85
Q35827,Plata River,85
Q35827,Rio de la Plata,85
Q35827,Rio Grande,85
Q35827,Rio Grande do Sul,85
Q35827,River Plate,85
Q37677,Francisco Solano L√≥pez Carrillo,44
Q37677,General Francisco Solano Lopez,44
Q37677,Marshal General Francisco Solano Lopez,44
Q38022,St Louis,128
Q38022,"St. Louis, Missouri",128
Q54108,Bahia Blanca,57
Q54108,"Bahia Blanca, Argentina",57
Q57958,Yi,48
Q57958,Jingkou,48
Q57958,Runzhou,48
Q57958,Guyang,48
Q57958,Beifu,48
Q57958,Chenkiang,48
Q57958,Chinkiang,48
Q57958,Dantu,48
Q57958,Zhufang,48
Q68481,Banyan City,97
Q68481,Foochow,97
Q68481,Hockchew,97
Q271876,Kingsmill,61
Q271876,Gilberts,61
Q271876,King's-Mill Islands,61
Q271876,Kingsmill Group,61
Q271876,Tungaru,61
Q274294,Drouyn de Lhuys,17
Q274294,Edmond Drouyn de Lhuys,17
Q274294,Edouard Drouyn de Lhuys,17
Q275445,JDL,29
Q276098,Ahmed Tevfik Pasha,29
Q297308,William Seward,57
Q4854155,John Chandler Bancroft Davis,6
Q4889693,Bennett Henderson Young,4
Q5126162,Francis Ford,3
Q5126162,Francis Clare Ford,3
Q5126162,Sir Clare Ford,3
Q5126162,Sir Francis Clare Ford,3
Q5192683,Dusheng,3
Q5192683,Huiren,3
Q5192683,Tsui Kwo Yin,3
Q5316562,D. W. Stevens,5
Q5316562,Durham White Stevens,5
Q5331650,Ebenezer Don Carlos Bassett,4
Q5342512,E. D. Townsend,6
Q5342512,Edward Davis Townsend,6
Q5344274,Edward Korry,3
Q5344274,Edward Malcolm Korry,3
Q5345617,Sir Edward Thornton,4
Q5441994,Felipe Herrera Lane,5
Q5483159,Francisco Solano Asta-Buruaga y Cienfuegos,6
Q5537210,George Bramwell,4
Q5537210,George William Wilshere Bramwell,4
Q5537210,"George William Wilshere Bramwell, 1st Baron Bramwell",4
Q5537210,"George William Wilshire Bramwell, 1st and last Baron Bramwell of Hever",4
Q5544443,George F. Seward,3
Q5544443,George Frederick Seward,3
Q5556165,Sergio Molina Silva,3
Q5684131,Jose Antonio Garcia y Garcia,1
Q5709501,Henry George Elliot,9
Q5709501,Sir Henry Elliot,9
Q5709501,Rt. Hon. Sir Henry George Elliot-Murray-Kynynmound,9
Q5709501,Sir Henry George Elliot,9
Q5709501,Sir Henry George Elliot-Murray-Kynynmound,9
Q5717009,Henry Alpheus Peirce Carter,5
Q5717018,Henry Augustus Peirce,3
Q5727301,Henry Rootes Jackson,4
Q5734156,Herbert G. Squiers,2
Q5734284,H. H. D. Peirce,5
Q5734284,Herbert Henry Davis Peirce,5
Q5750927,Carlos Alberto Massad Abud,3
Q81931,Confederate States of America. War Dept.,93
Q81965,GM,86
Q81965,General Motors Corporation,86
Q69345,Neuchatel,85
Q69345,Newcastle,85
Q69345,Neuenburg,85
Q69345,Neuch',85
Q69345,"Neuchatel, NE",85
Q69345,"Neuch√¢tel, NE",85
Q3431093,Rt. Hon. Sir Richard Pakenham,6
Q3431093,Sir Richard Pakenham,6
Q3431169,Edwin Fuller Uhl,3
Q3436993,Roberto Urbano Viaux Marambio,6
Q76039,HBC,43
Q76039,Hudson Bay Company,43
Q76039,The Bay,43
Q76821,Rt. Hon. Sir George Grey,22
Q76821,Sir George Grey,22
Q78832,Paul Narcyz Rosenstein-Rodan,13
Q78980,S.L.P.,91
Q78980,San Luis Potosi,91
Q76039,Hudson's Bay Company,
Q1350848,"Vincent, Count Benedetti",
Q189145,Antonio L√≥pez de Santa Anna,
Q5750927,Carlos Massad,
Q1822088,Lewis D. Campbell,
Q3131631,Henri Mercier,
Q5544443,George Seward,
Q3562543,George Horton,
Q42314,Channel Islands,
Q75150,Yingkou,
Q274294,√âdouard Drouyn de Lhuys,
Q5362881,George Clayton Foulk,
Q6143091,James Shepherd Pike,
Q16037603,Bruce Burnside,
Q3127920,Harry Smith Parkes,
Q127513,Kanagawa Prefecture,
Q193727,Johns Hopkins University,
Q741482,George Bancroft,
Q276098,Ahmed Tevfik Okday,
Q7345417,Robert Henry Clarence,
Q6970853,National Awami Party,
Q888935,Boca Chica,
Q6713002,M. Peter McPherson,
Q769418,Thomas A. Osborn,
Q737517,Fort Sumter,
Q81518,Fran√ßois Achille Bazaine,
Q16648085,William Insco Buchanan,
Q38346,"Odo Russell, 1st Baron Ampthill",
Q2626919,Ernest Picard,
Q5734156,Herbert Goldsmith Squiers,
Q87759000,John B. Jackson,
Q2706504,Mustafa Riad Pasha,
Q8025026,Winfield Scott Schley,
Q114385,Matthew Fontaine Maury,
Q3951291,Rufino de Elizalde,
Q4398741,Rawson William Rawson,
Q10307334,Joaquim Nabuco,
Q57958,Zhenjiang,
Q191829,Magdalena River,
Q916935,Ruy Barbosa,
Q5126162,Clare Ford,
Q151929,Eduard Shevardnadze,
Q387614,Count Friedrich Ferdinand von Beust,
Q16644,Northern Mariana Islands,
Q47097,Guizhou,
Q1962777,Papantla,
Q1432360,Ronald Reagan Presidential Library,
Q882617,Edward M. McCook,
Q466115,Judah P. Benjamin,
Q181857,Bay of Fundy,
Q28059226,Robert McLane,
Q27843697,Arthur P. Peterson,
Q13407942,George Henry Boker,
Q681470,George G. Fogg,
Q297628,Saionji Kinmochi,
Q7790338,Thomas Haines Dudley,
Q4756243,Andrew B. Dickinson,
Q17047955,Olyphant & Co.,
Q298997,Levi P. Morton,
Q275445,Jewish Defense League,
Q199618,Monticello,
Q81931,Confederate States,
Q124129,Clerkenwell,
Q936877,Edwards Pierrepont,
Q166598,Ernest Mason Satow,
Q7410841,Samuel B. Ruggles,
Q838143,Gila River,
Q674320,Cerro de Pasco,
Q830000,Joseph A. Wright,
Q3431093,Richard Pakenham,
Q2303939,Gideon Welles,
Q2311485,Samuel Wells Williams,
Q286810,Contras,
Q216847,C√∫cuta,
Q3530534,Tokyo Nichi Nichi Shimbun,
Q696704,Wu Ting-fang,
Q5764,Bukhara,
Q1087013,Lester Grinspoon,
Q5078694,Charles Hale,
Q6103990,J. C. King,
Q11698,United States Constitution,
Q16062629,Jacob S. Haldeman,
Q56761321,John Smith Walker,
Q5492,Lake Erie,
Q4078,Cape Horn,
Q8605,Sim√≥n Bol√≠var,
Q7965519,Walter M. Gibson,
Q540230,Carlos Lleras Restrepo,
Q22959033,Ralph A. Dungan,
Q1742111,Sixaola River,
Q5264723,Desmond Fitzgerald,
Q595285,Nubar Pasha,
Q6243728,John L. Waller,
Q327801,Alajos K√°rolyi,
Q804868,Baldwin Locomotive Works,
Q18673992,John Walsham,
Q17421956,James D. Tillman,
Q1680545,James Henderson Blount,
Q1395049,Christian Democratic Party,
Q1470070,Ploughmen's Front,
Q16856496,Juan Isidro Jim√©nez Grull√≥n,
Q3431169,Edwin F. Uhl,
Q6401875,Khmer National Armed Forces,
Q5483159,Francisco Astaburuaga Cienfuegos,
Q3038,Heligoland,
Q13460684,Enrique Bernstein,
Q923619,Jules Favre,
Q82006,Benjamin Disraeli,
Q1346148,Motagua River,
Q6218204,John Adams Cummins,
Q56849519,Edwin Oscar Hall,
Q17208771,Aimaro Sat≈ç,
Q726198,Walter Quintin Gresham,
Q5719497,Henry Clay Hall,
Q4120843,Norman B. Judd,
Q2592913,Eugene Schuyler,
Q960376,John Bigelow,
Q7528832,"Sir Robert Phillimore, 1st Baronet",
Q107288,Lili ªuokalani,
Q26906,Ciudad Bol√≠var,
Q794,Iran,
Q78832,Paul Rosenstein-Rodan,
Q1373189,Reverdy Johnson,
Q5734284,Herbert H. D. Peirce,
Q270569,Pilcomayo River,
Q7400620,Sugimura Y≈çtar≈ç,
Q5093604,Chester Holcombe,
Q188489,Cape Breton Island,
Q361366,Robert Lansing,
Q13219096,Milton De Lano,
Q2453048,Fatherland Front,
Q3101405,George Baden-Powell,
Q379787,"Juan Prim, 1st Marquis of los Castillejos",
Q377912,Henry Meiggs,
Q5717018,Henry A. Peirce,
Q192626,Hawaiian Islands,
Q211031,Strategic Defense Initiative,
Q151414,George Marshall,
Q1390003,Francis Channing Barlow,
Q212158,Progressive Party of Working People,
Q93338,Gaziantep,
Q6230966,John E. W. Thompson,
Q14918609,Alexandros Mavrogenis,
Q1034489,Cape Palmas,
Q5343423,Edward Henry Strobel,
Q192821,French Communist Party,
Q134750,St. Lawrence River,
Q1144173,Pribilof Islands,
Q8442,Otto von Bismarck,
Q92474411,Fenton R. McCreery,
Q704098,Mutsu Munemitsu,
Q1391631,Gondokoro,
Q181026,Monroe Doctrine,
Q879077,Thomas Corwin,
Q11349185,Lucius Foote,
Q5955235,Julio Duran,
Q561972,Frankfurter Zeitung,
Q9439,Victoria,
Q15282,Nuevo Le√≥n,
Q48320,Kobe,
Q19974424,William E. Brophy,
Q15265261,Panama Bay,
Q38022,St. Louis,
Q320466,White Star Line,
Q57312856,Victor Drummond,
Q1000222,Port Huron,
Q5470754,Fort Assinniboine,
Q16062601,"Isaac Bell, Jr.",
Q106922089,Rice Munn Reynolds,
Q1999017,Roncador Bank,
Q114977,Guanajay,
Q15760,Novorossiysk,
Q7925152,Vicente Garcia,
Q1001448,Ossipee,
Q202289,"√âlie, duc Decazes",
Q504489,Andrew Dickson White,
Q801,Israel,
Q1701067,John Mercer Langston,
Q41677635,Joseph O. Carter,
Q5344274,Edward M. Korry,
Q26590,Ciudad Ju√°rez,
Q6130543,James Burrill Angell,
Q221066,GRUNK,
Q215135,Wilhelm von Mirbach,
Q3087186,Frederick W. Seward,
Q43400658,William Sydney Thayer,
Q6037424,"Julian Pauncefote, 1st Baron Pauncefote",
Q353464,Alejandro Petion,
Q1029631,Cammell Laird,
Q17217604,Anton L. C. Portman,
Q51056,Franz Joseph I of Austria,
Q202175,Ellis Island,
Q461344,Tageblatt,
Q17183063,Lansing B. Mizner,
Q444530,Clayton‚ÄìBulwer Treaty,
Q3133070,Henry Shelton Sanford,
Q8004285,William Alexander Parsons Martin,
Q15175,Guangdong,
Q74289688,John M. B. Sill,
Q637440,Lazard,
Q455014,Berliner Tageblatt,
Q475,Eduardo Frei Montalva,
Q301493,Ahmed Arifi Pasha,
Q81965,General Motors,
Q9015825,Juan N. Navarro,
Q712089,"Lu√≠s Alves de Lima e Silva, Duke of Caxias",
Q448803,Edwin M. Stanton,
Q435290,John Ericsson,
Q197344,Zhang Zhidong,
Q5192683,Cui Guoyin,
Q5709501,Henry Elliot,
Q723678,Henri Dupuy de L√¥me,
Q2009853,Petit-Go√¢ve,
Q7355,Yellow River,
Q511876,Manassas,
Q106639614,William H. Hutchinson,
Q2600525,Andr√©s Zald√≠var,
Q191789,Martha Washington,
Q27885703,Antone Rosa,
Q1634420,Hugh Judson Kilpatrick,
Q943984,"Stratford Canning, 1st Viscount Stratford de Redcliffe",
Q4057284,Anatoly Adamishin,
Q54108,Bah√≠a Blanca,
Q5727301,Henry R. Jackson,
Q671143,Reichsgesetzblatt,
Q1167772,Saint Paul River,
Q2037402,Saman√° Bay,
Q1962272,Heroica Zit√°cuaro,
Q39109,Minas Gerais,
Q945390,Robert Stout,
Q4648109,A. Loudon Snowden,
Q6135946,James Hepburn Campbell,
Q31284,Dominican Revolutionary Party,
Q16066424,Nemours Auguste,
Q855669,American Popular Revolutionary Alliance.,
Q182660,Dobruja,
Q213749,Huascar,
Q7175000,Peter John Sullivan,
Q1013398,Coggeshall,
Q888186,Pablo Arosemena,
Q1367291,Escondido,
Q15989924,Edwin Corbett,
Q602420,Antonio Guzm√°n Blanco,
Q79580,Tuscaloosa,
Q7889862,Domestic Policy Council,
Q944509,Owen D. Young,
Q5441994,Felipe Herrera,
Q30487,Mikhail Gorbachev,
Q3077790,Fort Bowie,
Q796,Iraq,
Q1240079,Donald M. Dickinson,
Q19770,Sichuan,
Q48525,federal government of the United States,
Q951602,Port-de-Paix,
Q6140564,James O. Putnam,
Q956253,Gabriel Hanotaux,
Q195328,John Curtis Caldwell,
Q707558,Irvin McDowell,
Q210329,Yuan Shikai,
Q487907,Bank of America,
Q6134397,James G. Swan,
Q3667188,Cherbourg,
Q27,Republic of Ireland,
Q8008895,William F. Wharton,
Q155144,Alsace‚ÄìLorraine,
Q182781,Muhammad Ali of Egypt,
Q11350592,Robert H. Pruyn,
Q378158,Eloy alfaro,
Q7280424,Radical Democracy Party,
Q157259,"John Russell, 1st Earl Russell",
Q1011895,Hampton Roads,
Q215562,Frederick Douglass,
Q59693076,Alfred T A Torbert,
Q668,India,
Q2595783,Revolutionary Antifascist Patriotic Front,
Q11812,Thomas Jefferson,
Q3436993,Roberto Viaux,
Q4786513,Archibald Scott Cleghorn,
Q12560,Ottoman Empire,
Q1701688,John Schehr,
Q164723,"Charles Cornwallis, 1st Marquess Cornwallis",
Q772975,Cape Spartel,
Q4865421,Bartlett Tripp,
Q590052,"Topolobampo, Sinaloa",
Q271215,Corumb√°,
Q78980,San Luis Potos√≠,
Q104804099,Manuel Coronel Matus,
Q357356,Jabez Lamar Monroe Curry,
Q7381313,Russell & Company,
Q486306,Pensacola,
Q23,George Washington,
Q1133170,Robert William Wilcox,
Q315473,National Zeitung,
Q104835325,Watson R. Sperry,
Q8014584,William Lindsay Scruggs,
Q654942,William Edward Forster,
Q188936,William Tecumseh Sherman,
Q148,People's Republic of China,
Q28080921,Edward C. Macfarlane,
Q268103,Fort Erie,
Q69345,Neuch√¢tel,
Q18390996,Romanian Social Democratic Party,
Q709453,Frederick T. Frelinghuysen,
Q5953108,Juan de Dios Carmona,
Q331182,William L. Dayton,
Q519900,Bettino Ricasoli,
Q3394337,Casto M√©ndez N√∫√±ez,
Q7558821,Solon M√©nos,
Q73119397,Wickham Hoffman,
Q116444170,Charles L. Pearson,
Q495534,Imjin River,
Q5331650,Ebenezer Bassett,
Q569962,Anson Burlingame,
Q104437,Yukon River,
Q333804,"Hugh Cairns, 1st Earl Cairns",
Q84192,Maximilian I of Mexico,
Q41705,Fujian,
Q515741,"Francisco Serrano, 1st Duke of la Torre",
Q6259904,John T. Abbott,
Q45833,Qinghai,
Q335115,"William Armstrong, 1st Baron Armstrong",
Q2367183,Mat√≠as Romero,
Q27859386,John F. Colburn,
Q7790307,Thomas H. Nelson,
Q369128,General Tire,
Q3366524,Partido Nacional,
Q2843,L√ºbeck,
Q94662151,Luis Amiama Ti√≥,
Q5684131,Jos√© Antonio Garc√≠a y Garc√≠a,
Q3330319,Edmundo P√©rez Zujovic,
Q1062,Lake Ontario,
Q449208,Alvin Peterson Hovey,
Q735370,Paul Bert,
Q5537210,"George Bramwell, 1st Baron Bramwell",
Q558738,M√°ximo G√≥mez,
Q24631,"George Hamilton-Gordon, 4th Earl of Aberdeen",
Q3161477,James Watson Webb,
Q2011531,Tamandar√©,
Q28218,Baton Rouge,
Q118903182,Marcus Otterbourg,
Q131792,Orinoco River,
Q147989,Juaq√≠n Balaguey,
Q6243707,John L. Stevens,
Q1508497,Birch Bay,
Q261613,Chiquimula,
Q315607,David Farragut,
Q879234,Frederick Low,
Q297308,William H. Seward,
Q7349563,Robert Sanderson McCormick,
Q91,Abraham Lincoln,
Q150688,Porfirio D√≠az,
Q733118,Moses Montefiore,
Q197347,Zhang Zhizhong,
Q131691,"Arthur Wellesley, 1st Duke of Wellington",
Q681964,Slavonia,
Q2958396,Charles Anderson Dana,
Q109853970,John Porter Brown,
Q5343862,Edward Joy Morris,
Q267988,Lucius Fairchild,
Q455205,Nikolay Pavlovich Ignatyev,
Q1023393,Retalhuleu,
Q1185066,D. Lowell Jensen,
Q37677,Francisco Solano L√≥pez,
Q466524,American Psychiatric Association,
Q249025,Terashima Munenori,
Q111831022,Jacob Baiz,
Q1190016,Edward Canby,
Q6176513,Jehu Baker,
Q6231271,John Edward Bush,
Q970332,Jos√© Tadeo Monagas,
Q6278499,Jorge Prat,
Q6262502,John W. Riddle,
Q845720,Sancti Sp√≠ritus,
Q6543643,Lidgerwood,
Q183416,Windward Islands,
Q159378,Isma'il Pasha,
Q329832,Henry Clay Ide,
Q181875,Robert Peel,
Q16063481,Lord George Paulet,
Q2886883,Basilio Lami Dozo,
Q192894,"Miguel Primo de Rivera, 2nd Marquis of Estella",
Q333233,"Charles Monck, 4th Viscount Monck",
Q485186,Key West,
Q485186,Key West,
Q43720,Pius IX,
Q748127,George Perkins Marsh,
Q1699336,John Bingham,
Q6138390,James M. Comly,
Q778295,Pyotr Andreyevich Shuvalov,
Q16967,Zhejiang,
Q15953119,Cheng Tsao Ju,
Q313557,Gyula Andr√°ssy,
Q5351147,Diario de la Marina,
Q2215086,Pearl Lagoon,
Q1130956,Copec,
Q314196,Karl Nesselrode,
Q4409955,Alfonsas Svarinskas,
Q42824,Mato Grosso,
Q2366515,Mariano Escobedo,
Q216077,Jiujiang,
Q188698,Kƒ´lauea,
Q881591,Edward Follansbee Noyes,
Q1677425,Jacob B. Blair,
Q16062469,Bayless W. Hanna,
Q132330,Horace Maynard,
Q369930,Midhat Pasha,
Q2862799,Armour and Company,
Q965283,Ra√∫l Silva Henr√≠quez,
Q3424605,Alvey A. Adee,
Q471690,Andean Community,
Q23074280,E. Spencer Pratt,
Q119258,Nicholas Fish,
Q790455,Barings Bank,
Q7782021,Theodore Runyon,
Q5030,Sagua La Grande,
Q18218215,Charles Lennox Wyke,
Q952937,London Metal Exchange,
Q9684,The New York Times,
Q23051,Swansea,
Q118117657,James Adger,
Q689281,John Lothrop Motley,
Q19843413,John M. Francis,
Q378517,Li Hung-chang,
Q182276,Benito Ju√°rez P√©rez,
Q2861229,Arichat,
Q6481301,Lambert Tree,
Q5316562,Durham Stevens,
Q5717009,Henry A. P. Carter,
Q1386012,Whitelaw Reid,
Q2429630,M√¥le-Saint-Nicolas,
Q1521146,Rollin M. Daggett,
Q336901,Antonio C√°novas del Castillo,
Q332650,"Stafford Northcote, 1st Earl of Iddesleigh",
Q487723,Anatoly Dobrynin,
Q333220,"Henry Brougham, 1st Baron Brougham and Vaux",
Q316210,El cara de mono,
Q4889036,Benjamin Moran,
Q723828,William Bauchop Wilson,
Q7721,Napoleon III,
Q64167177,Charles Spencer Francis,
Q310192,George Brinton McClellan,
Q972846,L√©on Roches,
Q54859869,Charles E. Hill,
Q449670,James Russell Lowell,
Q9212,United States Army,
Q6234003,John Franklin Swift,
Q193082,Svishtov,
Q68481,Fuzhou,
Q4814791,White Nile,
Q16058974,Gregory Aristarchis,
Q517,Napoleon,
Q40942,Pernambuco,
Q7299845,Ra√∫l S√°ez,
Q201463,Pearl River,
Q504369,Henry Halleck,
Q452070,Carlos Manuel de C√©spedes del Castillo,
Q610626,Townsend Harris,
Q38981,Vorarlberg,
Q45723,Jacques Maritain,
Q38872,Prussia,
Q886672,Robert Milligan McLane,
Q138578,Hoboken,
Q124094,Johann Caspar Bluntschli,
Q214228,Claus Spreckels,
Q214481,Gustav Koerner,
Q7416,Margaret Thatcher,
Q499278,Sonneberg,
Q38,Italy,
Q252,Indonesia,
Q1683452,Jardine Matheson,
Q817478,Benjamin Franklin Tracy,
Q321214,Ernesto Hintze Ribeiro,
Q942318,Rogers Morton,
Q4854155,Bancroft Davis,
Q49152,Cape Cod,
Q6125570,Sergio Ossa,
Q9648,Falkland Islands,
Q7940521,Volney V. Ashford,
Q2845063,Anaconda Copper,
Q1978,Prince Edward Island,
Q435793,Robert Todd Lincoln,
Q76821,George Grey,
Q703642,John Watson Foster,
Q99570807,Francis March Hatch,
Q336493,Istv√°n Tisza,
Q5849175,Esteban Tomic,
Q1410997,Le Moniteur Universel,
Q173897,John Bassett Moore,
Q3182545,John Surratt,
Q5026753,Camilo Valenzuela,
Q7525,Sevastopol,
Q1026296,Jinotega,
Q15998594,Lawrence Townsend,
Q310829,John Marshall,
Q1290702,Eduard de Stoeckl,
Q159626,W√ºrttemberg,
Q441815,David P. Thompson,
Q2749246,Bah√≠a de Car√°quez,
Q1160530,Daniel Edgar Sickles,
Q7342617,Robert C. Kirk,
Q34969,Benjamin Franklin,
Q12702,Robert Cecil,
Q35827,R√≠o de la Plata,
Q368045,Chester,
Q2029273,Bolet√≠n Oficial del Estado,
Q7231603,Porter Cornelius Bliss,
Q3140,Hudson River,
Q1273,Tuscany,
Q7412197,Samuel Mills Damon,
Q441235,Louis Jules Trochu,
Q333691,Sanford B. Dole,
Q1815140,Communist Party of Ecuador,
Q9061,Karl Marx,
Q4889693,Bennett H. Young,
Q1282007,"James Hannen, Baron Hannen",
Q284041,United Conservative Party,
Q368,Augusto Pinochet,
Q5413,Yangtze,
Q2514280,Bradford R. Wood,
Q1053419,Montoneros,
Q1443101,Frank Coombs,
Q42182,Buckingham Palace,
Q122803,Erzurum,
Q20853526,Jorge Santib√°√±ez Ceardi,
Q16963,Jiangsu,
Q5665584,Gabriel Garc√≠a Tassara,
Q5992377,Ignacio Mariscal,
Q273546,Hannibal Hamlin,
Q448778,James G. Blaine,
Q1699063,John A. Kasson,
Q939779,Tom√°s Mej√≠a,
Q3132669,"Henry Bulwer, 1st Baron Dalling and Bulwer",
Q6066752,Patricio Phillips Pe√±afiel,
Q1200811,Desmond FitzGerald,
Q1967035,Roman Rosen,
Q5783,Andalusia,
Q4120832,K√∂nigsberg,
Q612155,Nicanor Costa M√©ndez,
Q5556165,Sergio Molina,
Q886447,Pierre Nord Alexis,
Q886456,Pierre Th√©oma Boisrond-Canal,
Q2976980,William Woodville Rockhill,
Q812105,Bayard Taylor,
Q5284057,Divie Bethune McCartee,
Q216835,Cap-Ha√Øtien,
Q7792844,Thomas O. Osborn,
Q435375,Alexandre Colonna-Walewski,
Q1064457,Charles Fried,
Q27926264,Cerro de Pasco Corporation,
Q1710656,Washington Territory,
Q18911186,Hannis Taylor,
Q1344993,Frederick Dent Grant,
Q886109,John Alden Dix,
Q1064998,Charles J. McCarthy,
Q11769,Bering Strait,
Q1606684,Henry Drummond Wolff,
Q317952,Communist Party of Chile,
Q724521,Ebenezer R. Hoar,
Q656969,Richard B. Hubbard,
Q1065145,Charles K. Tuckerman,
Q5345617,Edward Thornton,
Q3753691,FRAP,
Q271876,Gilbert Islands,
Q107393070,John Seys,
Q558247,Yaqub Beg,
Q880411,Marshall Jewell,
Q213576,Huai River,
Q5342512,Edward D. Townsend,
Q297308,W. H. Seward,
Q297308,WILLIAM H. SEWARD,
Q2303939,GIDEON WELLES,
Q830000,JOSEPH A. WRIGHT,
Q689281,J. Lothrop Motley,
Q297308,Wm. H. Seward,
Q435375,Count Walewski,
Q297308,Hon William H. Seward,
Q1410997,Moniteur Universel,
Q4120843,N. B. JUDD,
Q331182,WILLIAM L. DAYTON,
Q297308,"Hon, William H. Seward",
Q297308,His Excellency William H. Seward,
Q5665584,Senor Don Gabriel Garcia y Tassara,
Q5665584,GABRIEL G. TASSARA,
Q1290702,Edward de Stoeckl,
Q2514280,BRADFORD R. WOOD,
Q748127,George P. Marsh,
Q748127,GEORGE P. MARSH,
Q3133070,H. S. SANFORD,
Q681470,GEORGE G. FOGG,
Q6143091,James S. Pike,
Q6143091,JAMES S. PIKE,
Q109853970,JOHN P. BROWN,
Q16062629,J. S. HALDEMAN,
Q43400658,William S. Thayer,
Q43400658,WILLIAM S. THAYER,
Q297308,William H Seward,
Q610626,TOWNSEND HARRIS,
Q879077,THOMAS CORWIN,
Q91,ABRAHAM LINCOLN,
Q504369,General Halleck,
Q1373189,REVERDY JOHNSON,
Q707558,General McDowell,
Q189145,General Santa Anna,
Q923619,M. Jules Favre,
Q18218215,Sir Charles Wyke,
Q379787,General Prim,
Q3131631,HENRI MERCIER,
Q3131631,Henry Mercier,
Q778295,Count Schouvaloff,
Q812105,BAYARD TAYLOR,
Q7790338,THOMAS H. DUDLEY,
Q214481,"Gustavus Koerner, Esq",
Q689281,J. LOTHROP MOTLEY,
Q3161477,J. WATSON WEBB,
Q9648,Falklands/Malvinas,
Q151929,Soviet Foreign Minister Shevardnadze,
Q5343862,E. JOY MORRIS,
Q5343862,E. Joy Morris,
Q3132669,Henry Bulwer,
Q127513,Kanagawa,
Q17217604,A. L. C. PORTMAN,
Q11350592,ROBERT H. PRUYN,
Q3127920,Harry S. Parkes,
Q68481,Fuhchau,
Q569962,His Excellency Anson Burlingame,
Q4756243,A. B. DICKINSON,
Q297308,WILLIAM H SEWARD,
Q214481,GUSTAVUS KOERNER,
Q315607,Admiral Farragut,
Q4398741,RAWSON W. RAWSON,
Q466115,J. P. BENJAMIN,
Q448803,EDWIN M. STANTON,
Q333233,Lord Monck,
Q5342512,E. D. TOWNSEND,
Q1190016,R. S. CANBY,
Q448803,E. M. Stanton,
Q216835,Cape Haytien,
Q333220,Lord Brougham,
Q5537210,Baron Bramwell,
Q466115,J. P. Benjamin,
Q455205,General Ignatieff,
Q75150,Newchwang,
Q57958,Chin-kiang,
Q5544443,GEORGE F. SEWARD,
Q84192,Archduke Ferdinand Maximilian,
Q11350592,His Excellency Robert H. Pruyn,
Q2367183,Senor Don Matias Romero,
Q2367183,Senor Matias Romero,
Q7790307,THOMAS H. NELSON,
Q216077,Kiu-kiang,
Q1029631,LAIRD BROTHERS,
Q1029631,Laird Brothers,
Q82006,Disraeli,
Q16037603,Bruce Lockhart Burnside,
Q16037603,B. L. BURNSIDE,
Q3087186,F. W. Seward,
Q2958396,C. A. DANA,
Q886109,JOHN A. DIX,
Q6140564,JAMES O. PUTNAM,
Q15265261,Bay of Panama,
Q23,President Washington,
Q879234,Frederick F. Low,
Q182276,Benito Juarez,
Q335115,Sir William Armstrong,
Q15175,Kwang-tung,
Q2311485,S. WELLS WILLIAMS,
Q972846,LEON ROCHES,
Q51056,Emperor Francis Joseph,
Q6135946,James H. Campbell,
Q790455,Baring Brothers & Co.,
Q188936,W. T. SHERMAN,
Q91,President Abraham Lincoln,
Q274294,M. Drouyn de Lhuys,
Q188489,Cape Breton,
Q274294,DROUYN DE LHUYS,
Q274294,Monsieur Drouyn de Lhuys,
Q1967035,Baron Rosen,
Q5284057,D. B. McCartee,
Q41705,Fuhkien,
Q16967,Chehkiang,
Q2029273,Gaceta de Madrid,
Q6135946,JAMES H. CAMPBELL,
Q81518,Marshal Bazaine,
Q182276,Don Benito Juarez,
Q118903182,MARCUS OTTERBOURG,
Q9015825,JUAN N. NAVARRO,
Q939779,Don Tomas Mejia,
Q7342617,ROBERT C. KIRK,
Q316210,Lerdo de Tejada,
Q316210,S. LERDO DE TEJADA,
Q316210,LERDO DE TEJADA,
Q316210,Senor Lerdo de Tejada,
Q189145,Don Antonio Lopez de Santa Anna,
Q331182,"William L.Dayton,",
Q3951291,RUFINO DE ELIZALDE,
Q2311485,His Excellency S. Wells Williams,
Q3394337,CASTO MENDEZ NUNEZ,
Q327801,Count Karolyi,
Q42824,Matto Grosso,
Q5483159,Senor F. S. Asta Buruaga,
Q882617,EDWARD M. McCOOK,
Q449208,ALVIN P. HOVEY,
Q5684131,Senor Don Jose Antonio Garcia y Garcia,
Q1822088,LEWIS D. CAMPBELL,
Q189145,Lopez de Santa Anna,
Q150688,PORFIRIO DIAZ,
Q150688,General Porfirio Diaz,
Q2366515,General Mariano Escobedo,
Q2366515,M. ESCOBEDO,
Q26906,Ciudad Bolivar,
Q1160530,General Sickles,
Q712089,Marquis of Caxias,
Q37677,Solano Lopez,
Q73119397,WICKHAM HOFFMAN,
Q790455,Baring Brothers,
Q8004285,Dr. W. A. P. Martin,
Q38346,Odo Russell,
Q332650,Stafford Northcote,
Q24631,Lord Aberdeen,
Q39109,Minas Geraes,
Q107393070,JOHN SEYS,
Q387614,Count Beust,
Q1699336,John A. Bingham,
Q1699336,JOHN A. BINGHAM,
Q166598,Ernest Satow,
Q333804,Lord Cairns,
Q1065145,CHARLES K. TUCKERMAN,
Q1677425,JACOB B. BLAIR,
Q2009853,Petit Goave,
Q515741,Marshal Serrano,
Q7231603,PORTER C. BLISS,
Q7231603,Porter C. Bliss,
Q970332,General Jose Tadeo Monagas,
Q7175000,Peter J. Sullivan,
Q7175000,General Peter J. Sullivan,
Q1350848,Count Benedetti,
Q441235,General Trochu,
Q689281,JOHN LOTHROP MOTLEY,
Q6243707,JOHN L. STEVENS,
Q59693076,ALFRED T. A. TORBERT,
Q2592913,EUGENE SCHUYLER,
Q4854155,J. C. BANCROFT DAVIS,
Q5717018,HENRY A. PEIRCE,
Q5331650,EBENEZER D. BASSETT,
Q712089,Duke of Caxias,
Q2029273,La Gaceta de Madrid,
Q19843413,JOHN M. FRANCIS,
Q5030,Sagua la Grande,
Q378517,Viceroy Li Hung Chang,
Q724521,E. R. HOAR,
Q1390003,FRANCIS C. BARLOW,
Q444530,Clayton-Bulwer Treaty,
Q310829,Chief Justice Marshall,
Q119258,NICHOLAS FISH,
Q56849519,E. O. Hall,
Q15175,Kuang-tung,
Q13407942,GEORGE H. BOKER,
Q602420,President Guzman Blanco,
Q5764,Bokhara,
Q336901,Canovas,
Q336901,Canovas del Castillo,
Q8014584,William L. Scruggs,
Q8014584,WILLIAM L. SCRUGGS,
Q202289,Duke Decazes,
Q886447,Gen. Nord Alexis,
Q249025,His Excellency Terashima Munenori,
Q880411,MARSHALL JEWELL,
Q558247,Yakub Bek,
Q192894,General Primo de Rivera,
Q7792844,THOMAS O. OSBORN,
Q452070,Carlos Manuel de Cespedes,
Q5719497,Henry C. Hall,
Q182781,Mehemet Ali Pasha,
Q13219096,M. M. DE LANO,
Q164723,Lord Cornwallis,
Q267988,LUCIUS FAIRCHILD,
Q106922089,R. M. REYNOLDS,
Q886456,Boisrond Canal,
Q132330,HORACE MAYNARD,
Q2706504,Riaz Pasha,
Q195328,JOHN C. CALDWELL,
Q951602,Port de Paix,
Q3530534,Nichi Nichi Shimbun,
Q124094,Bluntschli,
Q216835,Cape Haitien,
Q1683452,"Jardine, Matheson & Co.",
Q4120832,Koenigsberg,
Q769418,THOMAS A. OSBORN,
Q881591,EDWARD F. NOYES,
Q5992377,Don Ignacio Mariscal,
Q449670,J. R. LOWELL,
Q182660,Dobrudja,
Q1346148,Motagua,
Q314196,Count Nesselrode,
Q1699063,JOHN A. KASSON,
Q6138390,JAMES M. COMLY,
Q1701067,JOHN MERCER LANGSTON,
Q1167772,St. Paul River,
Q6176513,JEHU BAKER,
Q5093604,CHESTER HOLCOMBE,
Q57312856,VICTOR DRUMMOND,
Q7965519,WALTER M. GIBSON,
Q5316562,D. W. STEVENS,
Q6234003,John F. Swift,
Q6130543,James B. Angell,
Q6130543,JAMES B. ANGELL,
Q888186,Dr. Pablo Arosemena,
Q602420,Guzman Blanco,
Q159626,Wurttemberg,
Q6037424,Julian Pauncefote,
Q56761321,J. S. Walker,
Q448778,JAMES G. BLAINE,
Q6234003,JOHN F. SWIFT,
Q2862799,Armour & Co.,
Q19974424,William Brophy,
Q1521146,ROLLIN M. DAGGETT,
Q435793,ROBERT T. LINCOLN,
Q273546,HANNIBAL HAMLIN,
Q298997,LEVI P. MORTON,
Q11349185,LUCIUS H. FOOTE,
Q15953119,CHENG TSAO JU,
Q944509,Owen Young,
Q276098,Tevfik Pasha,
Q336493,Count Tisza,
Q5362881,GEORGE C. FOULK,
Q48320,"Kobe, Japan",
Q28059226,ROBERT M. McLANE,
Q155144,Alsace Lorraine,
Q6230966,JOHN E. W. THOMPSON,
Q6481301,LAMBERT TREE,
Q16062601,"ISAAC BELL, Jr.",
Q378158,Eloy Alfaro,
Q5727301,HENRY R. JACKSON,
Q357356,J. L. M. CURRY,
Q210329,Yuan Shih-Kai,
Q886672,Robert M. McLane,
Q15760,Novorossisk,
Q5343423,Edward H. Strobel,
Q723678,Dupuy de Lome,
Q1367291,Escondido River,
Q2429630,Mole St. Nicholas,
Q15760,Novorossiisk,
Q14918609,Mavroyeni Bey,
Q1144173,Pribyloff Islands,
Q435793,Robert T. Lincoln,
Q26590,Ciudad Juarez,
Q197344,Chang Chih-tung,
Q17208771,Aimaro Sato,
Q122803,Erzerum,
Q817478,B. F. Tracy,
Q19770,Szechuen,
Q28080921,E. C. Macfarlane,
Q726198,W. Q. Gresham,
Q637440,Lazard Freres,
Q956253,Hanotaux,
Q1443101,Frank L. Coombs,
Q1282007,Lord Hannen,
Q11769,Bering Straits,
Q38872,Prussian government,
Q517,Emperor Napoleon,
Q81931,Southern Confederacy,
Q9212,United States army,
Q12560,Ottoman empire,
Q1999017,Roncador,
Q104804099,M. C. Matus,
Q7400620,Sugimura,
Q297628,Marquis Saionji,
Q99570807,F. M. Hatch,
Q4786513,A. S. Cleghorn,
Q1133170,Robert W. Wilcox,
Q7412197,S. M. Damon,
Q1133170,R. W. Wilcox,
Q7940521,V. V. Ashford,
Q27843697,A. P. Peterson,
Q6218204,J. A. Cummins,
Q1680545,J. H. Blount,
Q6231271,J. E. Bush,
Q1064998,C. J. McCarthy,
Q45833,Chinghai,
Q99570807,Francis M. Hatch,
Q1240079,Don M. Dickinson,
Q321214,Hintze Ribeiro,
Q723828,W. B. Wilson,
Q6262502,J. W. Riddle,
Q6243728,John Waller,
Q942318,Secretary Morton,
Q215135,Count Mirbach,
Q5734156,H. G. Squiers,
Q151929,Eduard A. Shevardnadze,
Q151929,Eduard A. Shevardnadze,
Q624532,UNITAS,
Q471690,Andean Pact,
Q368,General Pinochet,
Q16644,Northern Marianas,
Q6401875,FANK,
Q48525,American government,
Q6713002,Peter McPherson,
Q2886883,Lami Dozo,
Q2886883,General Lami Dozo,
Q612155,Foreign Minister Costa Mendez,
Q151929,Minister Shevardnadze,
Q3366524,National Party,
Q7280424,Democratic Radical Party,
Q7280424,PDR,
Q317952,Communist Party,
Q284041,Partido Conservador Unido,
Q3753691,Frente de Accion Popular,
Q3753691,Popular Action Front,
Q317952,Partido Comunista de Chile,
Q965283,Cardinal Silva Henriquez,
Q5955235,Julio Duran Neumann,
Q6103990,J.C. King,
Q5264723,Desmond FitzGerald,
Q5255622,Chilean Democratic Front,
Q1395049,Christian Democratic Party of Chile,
Q5849175,Ambassador Tomic,
Q5344274,Ed Korry,
Q147989,Dr. Balaguer,
Q94662151,Luis Amiama,
Q16856496,Juan Isidro Jimenes Grullon,
Q475,President Eduardo Frei,
Q5026753,General Camilo Valenzuela,
Q3436993,Retired General Roberto Viaux,
Q3436993,General Viaux,
Q2845063,Anaconda Copper Company,
Q2845063,Anaconda,
Q6066752,Patricio Phillips,
Q2600525,Finance Minister Zaldivar,
Q1130956,Chilean COPEC,
Q3330319,Perez Zujovic,
Q9684,NY Times,
Q540230,Lleras Restrepo,
Q78832,Paul Rosenstein Rodan,
Q78832,Rosenstein Rodan,
Q20853526,Deputy Jorge Santibanez,
Q7416,Prime Minister Thatcher,
Q212158,Communist Party,
Q18390996,Socialist Party,
Q1470070,Plowmans Front,
Q1815140,Ecuadorean Communist Party,
Q487723,Ambassador Anatoliy F. Dobrynin,
Q4057284,Deputy Foreign Minister Adamishin,
Q4409955,Father Svarinskas,
Q1185066,Judge Lowell Jensen,
Q1064457,Solicitor General Charles Fried,
Q30487,General Secretary Gorbachev,
Q192821,Communist Party of France,
Q151414,General G. C. Marshall,
Q197347,General Chang Chih Chung,
Q148,Communist China,
Q668,GOI,
Q794,GOI,
Q801,GOI,
Q252,GOI,
Q796,GOI,
Q38,GOI,
Q27,GOI,
Q189,GOI,